market,source_id,gate,horizon,window,dates,mean_ret,median_ret,mean_excess,median_excess,dates_beating_market,excess_t_descriptive
crypto,crypto.funding_overheated,none,5,earlier,55,-0.009274810447553825,-0.02505981785600016,0.013949524020121009,0.011422712123999146,0.5818181818181818,1.8217859113947237
crypto,crypto.funding_overheated,none,5,recent,16,0.007045678638993542,-0.006109964444841565,0.013996468776398636,-0.004152273718920689,0.4375,1.1166374858893007
crypto,crypto.funding_overheated,none,20,earlier,55,-0.08415159881207626,-0.09184004276364152,0.006207977983548015,0.0005404896773788636,0.509090909090909,0.8059000296879782
crypto,crypto.funding_overheated,none,20,recent,1,0.07481429315304514,0.07481429315304514,-0.006566703014483278,-0.006566703014483278,0.0,
crypto,crypto.funding_overheated,rsi45_only,5,earlier,55,-0.01170297881176802,-0.01912462189261107,0.01152135565590681,-1.6913047724706476e-05,0.4909090909090909,1.809116770877634
crypto,crypto.funding_overheated,rsi45_only,5,recent,16,0.007009468340995998,-0.018408550874566602,0.013960258478401091,0.005416238639244949,0.5,1.2840732263621986
crypto,crypto.funding_overheated,rsi45_only,20,earlier,55,-0.09068891178772506,-0.08891292244041041,-0.0003293349921007998,-0.009264789305253377,0.4,-0.04849643972133871
crypto,crypto.funding_overheated,rsi45_only,20,recent,1,0.12347341285801816,0.12347341285801816,0.042092416690489756,0.042092416690489756,1.0,
crypto,crypto.funding_squeeze,none,5,earlier,55,-0.05451722208792385,-0.061676238338171194,-0.03129288762024902,-0.0367830108751407,0.2,-5.5106028031073455
crypto,crypto.funding_squeeze,none,5,recent,16,-0.039245140389407,-0.05027457155963848,-0.032294350252001905,-0.0309486607409234,0.3125,-2.1897920545690988
crypto,crypto.funding_squeeze,none,20,earlier,55,-0.1260226135948669,-0.13786696906794588,-0.035663036799242646,-0.03819278205099682,0.2545454545454545,-4.158674029811126
crypto,crypto.funding_squeeze,none,20,recent,1,0.038803664269229085,0.038803664269229085,-0.04257733189829931,-0.04257733189829931,0.0,
crypto,crypto.funding_squeeze,rsi45_only,5,earlier,55,-0.02683321631077776,-0.04154599107150676,-0.0036088818431029277,-0.006596701182473232,0.4,-0.6186945313152356
crypto,crypto.funding_squeeze,rsi45_only,5,recent,16,-0.0004397398374870786,-0.01997068454457657,0.006511050299918013,-0.00023872227982292982,0.5,0.5238135598769063
crypto,crypto.funding_squeeze,rsi45_only,20,earlier,55,-0.10793426454933516,-0.1129667704565068,-0.017574687753710877,-0.021588382524876902,0.38181818181818183,-2.780280039723897
crypto,crypto.funding_squeeze,rsi45_only,20,recent,1,0.07118200911389763,0.07118200911389763,-0.01019898705363077,-0.01019898705363077,0.0,
crypto,crypto.high_volume,none,5,earlier,55,-0.04873115828546387,-0.053849034154034026,-0.025506823817789043,-0.017721366522157906,0.2,-4.639760353208401
crypto,crypto.high_volume,none,5,recent,16,-0.018480074038889842,-0.033968939346446445,-0.011529283901484746,-0.020267654984468645,0.375,-1.1174889569200241
crypto,crypto.high_volume,none,20,earlier,55,-0.1193874085001942,-0.12813314163556205,-0.029027831704569896,-0.03154548673881049,0.23636363636363636,-4.6675578400649975
crypto,crypto.high_volume,none,20,recent,1,0.05216730478272706,0.05216730478272706,-0.029213691384801354,-0.029213691384801354,0.0,
crypto,crypto.high_volume,rsi45_only,5,earlier,55,-0.023785276497956146,-0.025454016815922482,-0.00056094203028132,-0.008146952856051135,0.34545454545454546,-0.09999097544328499
crypto,crypto.high_volume,rsi45_only,5,recent,16,-0.0049291751160641575,-0.018879831478736113,0.0020216150213409356,0.00035791393954290806,0.5,0.32449713632686633
crypto,crypto.high_volume,rsi45_only,20,earlier,55,-0.1011732936057631,-0.09829423765438518,-0.010813716810138823,-0.01708490285643764,0.36363636363636365,-2.231332838521656
crypto,crypto.high_volume,rsi45_only,20,recent,1,0.06396923591650952,0.06396923591650952,-0.01741176025101891,-0.01741176025101891,0.0,
crypto,crypto.long_short_skew,none,5,earlier,55,-0.009973931820454923,-0.025324905281121513,0.013250402647219908,0.004927658511667129,0.5454545454545454,2.0415080664309406
crypto,crypto.long_short_skew,none,5,recent,16,0.014108923876821063,0.0044745631798963756,0.021059714014226155,0.025717043821422723,0.75,2.4035953683517275
crypto,crypto.long_short_skew,none,20,earlier,55,-0.06065807826237998,-0.05952669617864487,0.0297014985332443,0.031178731204690002,0.7454545454545455,4.340220913233781
crypto,crypto.long_short_skew,none,20,recent,1,0.05845094918390897,0.05845094918390897,-0.022930046983619425,-0.022930046983619425,0.0,
crypto,crypto.long_short_skew,rsi45_only,5,earlier,55,-0.013148080814291205,-0.029880826824983997,0.010076253653383625,-0.0025711385115819497,0.4727272727272727,1.5370993199066263
crypto,crypto.long_short_skew,rsi45_only,5,recent,16,0.024337821613893414,0.01468092923821909,0.03128861175129851,0.04621021459403727,0.75,3.6189968663666057
crypto,crypto.long_short_skew,rsi45_only,20,earlier,55,-0.07067935198597672,-0.0637206663915945,0.019680224809647567,0.020239408821975363,0.6363636363636364,2.8553407430581044
crypto,crypto.long_short_skew,rsi45_only,20,recent,1,0.05845094918390897,0.05845094918390897,-0.022930046983619425,-0.022930046983619425,0.0,
crypto,crypto.momentum,none,5,earlier,55,-0.05844377396047753,-0.06980797122882139,-0.03521943949280269,-0.03876283245518618,0.16363636363636364,-6.8411992094414495
crypto,crypto.momentum,none,5,recent,16,-0.019459453019446703,-0.043637525045620934,-0.012508662882041608,-0.029974920476382554,0.4375,-1.1682412491705672
crypto,crypto.momentum,none,20,earlier,55,-0.13724704148012518,-0.15467699565801257,-0.04688746468450088,-0.06294690303952724,0.2,-5.688508336662632
crypto,crypto.momentum,none,20,recent,1,0.1119894107927957,0.1119894107927957,0.030608414625267293,0.030608414625267293,1.0,
crypto,crypto.momentum,rsi45_only,5,earlier,55,-0.038171857222939316,-0.045065937469527785,-0.01494752275526449,-0.014810204563228777,0.2727272727272727,-3.0468277032719886
crypto,crypto.momentum,rsi45_only,5,recent,16,-0.006745084394671192,-0.025324031519951204,0.0002057057427339022,0.0032662408127745613,0.625,0.04351516707002741
crypto,crypto.momentum,rsi45_only,20,earlier,55,-0.12400466798257102,-0.13670799817721008,-0.033645091186946745,-0.04027163221343066,0.18181818181818182,-5.2770450264685245
crypto,crypto.momentum,rsi45_only,20,recent,1,0.06118168100733712,0.06118168100733712,-0.020199315160191283,-0.020199315160191283,0.0,
crypto,crypto.oi_surge,none,5,earlier,55,-0.034218782482334884,-0.03607842762880219,-0.01099444801466006,-0.01044240569752016,0.36363636363636365,-1.6506576447844203
crypto,crypto.oi_surge,none,5,recent,16,-0.008948262894978068,-0.01425396330356489,-0.0019974727575729737,0.0005465270010127036,0.5,-0.21554035273825814
crypto,crypto.oi_surge,none,20,earlier,55,-0.09389802912639728,-0.10461499838504273,-0.0035384523307729686,0.0029922585427927806,0.509090909090909,-0.39642199600899625
crypto,crypto.oi_surge,none,20,recent,1,0.05216017049087941,0.05216017049087941,-0.029220825676649,-0.029220825676649,0.0,
crypto,crypto.oi_surge,rsi45_only,5,earlier,55,-0.016124381419464418,-0.026825479387355782,0.007099953048210407,-0.0008879680678446966,0.43636363636363634,1.3685401560498276
crypto,crypto.oi_surge,rsi45_only,5,recent,16,0.007295710332312854,0.005855075677690676,0.014246500469717947,0.016704624300880034,0.6875,1.5019429563006346
crypto,crypto.oi_surge,rsi45_only,20,earlier,55,-0.09106967885830806,-0.10574406476264149,-0.000710102062683793,-0.0063423554968652495,0.43636363636363634,-0.09824686100170459
crypto,crypto.oi_surge,rsi45_only,20,recent,1,0.10312840945453135,0.10312840945453135,0.02174741328700295,0.02174741328700295,1.0,
crypto,crypto.oversold,none,5,earlier,55,-0.018362161318113062,-0.029755837757997998,0.004862173149561766,-0.0017517033415492822,0.45454545454545453,0.9772233231778586
crypto,crypto.oversold,none,5,recent,16,-0.003092313787251654,-0.033925114226801736,0.0038584763501534397,-0.016339466018310322,0.375,0.33308702283102704
crypto,crypto.oversold,none,20,earlier,55,-0.10754643814289291,-0.10405291961621618,-0.01718686134726866,-0.02671446594343487,0.36363636363636365,-2.53295619318829
crypto,crypto.oversold,none,20,recent,1,-0.07588652935158836,-0.07588652935158836,-0.15726752551911677,-0.15726752551911677,0.0,
crypto,crypto.oversold,rsi45_only,5,earlier,55,-0.018362161318113062,-0.029755837757997998,0.004862173149561766,-0.0017517033415492822,0.45454545454545453,0.9772233231778586
crypto,crypto.oversold,rsi45_only,5,recent,16,-0.003092313787251654,-0.033925114226801736,0.0038584763501534397,-0.016339466018310322,0.375,0.33308702283102704
crypto,crypto.oversold,rsi45_only,20,earlier,55,-0.10754643814289291,-0.10405291961621618,-0.01718686134726866,-0.02671446594343487,0.36363636363636365,-2.53295619318829
crypto,crypto.oversold,rsi45_only,20,recent,1,-0.07588652935158836,-0.07588652935158836,-0.15726752551911677,-0.15726752551911677,0.0,
crypto,crypto.random,none,5,earlier,55,-0.018582877556689914,-0.024332229652621128,0.004641456910984914,-0.0001676949341224407,0.4909090909090909,0.9043467642339219
crypto,crypto.random,none,5,recent,16,0.012613135979628109,-0.007146113901774644,0.0195639261170332,0.013056910682769422,0.75,3.041794620093414
crypto,crypto.random,none,20,earlier,55,-0.08890397784484817,-0.10082071463859883,0.001455598950776122,0.0077069091403126275,0.5636363636363636,0.2545395937366744
crypto,crypto.random,none,20,recent,1,0.06250190762742748,0.06250190762742748,-0.01887908854010093,-0.01887908854010093,0.0,
crypto,crypto.tv_rsi45,none,5,earlier,55,-0.02400233613071231,-0.02951987012067737,-0.0007780016630374832,-0.006221737418975959,0.41818181818181815,-0.12953636317435518
crypto,crypto.tv_rsi45,none,5,recent,16,-0.0120675066271996,-0.01885036634299038,-0.005116716489794506,-0.0020383010438710806,0.5,-1.112288623463705
crypto,crypto.tv_rsi45,none,20,earlier,55,-0.1208551445026619,-0.11446930660727168,-0.030495567707037624,-0.02286123746265689,0.2909090909090909,-4.981719459057355
crypto,crypto.tv_rsi45,none,20,recent,1,0.0002518688281213155,0.0002518688281213155,-0.0811291273394071,-0.0811291273394071,0.0,
crypto,crypto.tv_rsi45,rsi45_only,5,earlier,55,-0.02400233613071231,-0.02951987012067737,-0.0007780016630374832,-0.006221737418975959,0.41818181818181815,-0.12953636317435518
crypto,crypto.tv_rsi45,rsi45_only,5,recent,16,-0.0120675066271996,-0.01885036634299038,-0.005116716489794506,-0.0020383010438710806,0.5,-1.112288623463705
crypto,crypto.tv_rsi45,rsi45_only,20,earlier,55,-0.1208551445026619,-0.11446930660727168,-0.030495567707037624,-0.02286123746265689,0.2909090909090909,-4.981719459057355
crypto,crypto.tv_rsi45,rsi45_only,20,recent,1,0.0002518688281213155,0.0002518688281213155,-0.0811291273394071,-0.0811291273394071,0.0,
kr,kr.cheap_value,A_strong,5,earlier,1,-0.0038314176245211,-0.0038314176245211,-0.022908235041864802,-0.022908235041864802,0.0,
kr,kr.cheap_value,A_strong,20,earlier,1,-0.0063856960408684,-0.0063856960408684,-0.0769897386430875,-0.0769897386430875,0.0,
kr,kr.cheap_value,B_moderate2,5,earlier,36,0.01687965275519304,0.005428080071951811,0.03987767702169851,0.04327534458183227,0.8611111111111112,4.958015837552178
kr,kr.cheap_value,B_moderate2,5,recent,10,0.02914572702621245,0.04002790085191178,-0.020331857876937014,-0.013731323533626473,0.2,-1.3347005692749234
kr,kr.cheap_value,B_moderate2,20,earlier,32,0.04676334982902054,0.03565038057221827,0.13266077831281908,0.1395160484971389,0.96875,7.125801085303932
kr,kr.cheap_value,none,5,earlier,36,0.0074094410144551264,-0.0073983576770333005,0.03040746528096061,0.027161170015257845,0.7777777777777778,4.462292648898104
kr,kr.cheap_value,none,5,recent,11,0.02442479741205946,0.03551268076666094,-0.01818045934127382,-0.01819941462405595,0.36363636363636365,-1.9504905131292416
kr,kr.cheap_value,none,20,earlier,32,0.012549075936953934,0.015564542379252054,0.0984465044207525,0.13304130640836143,0.96875,9.216332049678762
kr,kr.consecutive_gainers,A_strong,5,earlier,3,0.0005799681363852166,0.00057109090360505,-0.002326776263121017,-0.00888744849576905,0.3333333333333333,-0.2206992466118233
kr,kr.consecutive_gainers,A_strong,20,earlier,3,0.00243567665616235,0.002455566183976,0.10144667433629621,0.10876155722143299,1.0,13.778774411160983
kr,kr.consecutive_gainers,B_moderate2,5,earlier,5,-0.022805193911374082,0.0005692101662212,0.0077448238592617985,-0.008176611761497565,0.4,0.5981269808363522
kr,kr.consecutive_gainers,B_moderate2,20,earlier,5,-0.0068794282733091626,0.002455566183976,0.10042621703967362,0.10876155722143299,1.0,14.398703565884409
kr,kr.consecutive_gainers,none,5,earlier,36,-0.011161996375825716,1.8883215193593876e-05,0.01183602789067977,0.006296877971798566,0.5,0.9432707520810383
kr,kr.consecutive_gainers,none,5,recent,11,-0.007590780019971896,-0.01799408769047999,-0.050196036773305176,-0.03012453485356853,0.2727272727272727,-2.5048127478545394
kr,kr.consecutive_gainers,none,20,earlier,32,-0.09480022305454885,-0.04099546288696032,-0.008902794570750298,0.03437784526915438,0.625,-0.3550452290769848
kr,kr.double_buy,A_strong,5,earlier,7,0.024847380206656704,0.021015867015345167,-0.02284606348722371,-0.0089328307090284,0.42857142857142855,-1.0047606267630618
kr,kr.double_buy,A_strong,20,earlier,6,-0.11455159319688742,-0.1041569527322132,-0.029799395649241795,-0.054972439754124226,0.3333333333333333,-0.7088953189596615
kr,kr.double_buy,B_moderate2,5,earlier,27,0.011089184190581023,-0.0035401348289077136,0.01888285218041487,0.014167977137570186,0.6296296296296297,0.961547684785842
kr,kr.double_buy,B_moderate2,5,recent,3,0.10988610689905161,0.08677212214993922,0.026818708942453407,0.0215465961734,0.6666666666666666,0.4055852798189095
kr,kr.double_buy,B_moderate2,20,earlier,23,-0.02047592108092962,-0.03330554371362813,0.0549073711603259,0.005591330390861143,0.6086956521739131,1.7356115164913166
kr,kr.double_buy,none,5,earlier,35,-0.08518111586989273,-0.07912933822200718,-0.06311972392029051,-0.04281767863320296,0.2857142857142857,-3.4711876589761657
kr,kr.double_buy,none,5,recent,11,-0.0025229719250069514,0.009790933159040824,-0.04512822867834023,-0.039000421784802,0.36363636363636365,-1.2749075371072434
kr,kr.double_buy,none,20,earlier,31,-0.15092313585209877,-0.13318068506621508,-0.06642175530448394,-0.09130911094998476,0.3548387096774194,-2.610470784445201
kr,kr.future_dividend_king,A_strong,5,earlier,6,0.011821791155090348,-0.0031338622821272,0.03178774227220335,0.03306174129410606,0.6666666666666666,1.6272322846814362
kr,kr.future_dividend_king,A_strong,20,earlier,6,0.03713820799663655,0.018147272320850748,0.15213289922601983,0.1530575098938668,1.0,9.497844610731748
kr,kr.future_dividend_king,B_moderate2,5,earlier,35,0.0010378113851130237,-0.0025452741255272016,0.02175919555585974,0.024287686127406827,0.7714285714285715,2.5051509472710567
kr,kr.future_dividend_king,B_moderate2,5,recent,10,-0.009369034348776738,-0.007455542575285551,-0.058198473693717875,-0.060922644586149294,0.1,-3.603372501249982
kr,kr.future_dividend_king,B_moderate2,20,earlier,31,-0.015005570691878602,-0.006030464459028774,0.06766233174417281,0.0698069165884719,0.8064516129032258,5.199729024854303
kr,kr.future_dividend_king,none,5,earlier,36,-0.005853607250347044,-0.009001788531530755,0.017144417016158438,0.01837933904086692,0.6944444444444444,2.380922762470059
kr,kr.future_dividend_king,none,5,recent,11,0.007100535940122052,0.01771757597320005,-0.03550472081321124,-0.02621436349319255,0.18181818181818182,-2.6982561332182424
kr,kr.future_dividend_king,none,20,earlier,32,-0.028991883172899524,-0.026893356830555284,0.05690554531089904,0.06426940687249341,0.75,4.664987608324538
kr,kr.growth_expectation_toss,A_strong,5,earlier,6,0.04105282922897766,0.04429379920360098,0.03562643417371513,0.0415795057472456,0.8333333333333334,1.9388929791780718
kr,kr.growth_expectation_toss,A_strong,20,earlier,6,0.013586419566515427,-0.0019569026327166997,0.13480312810666534,0.16569172867340387,0.8333333333333334,3.1528672550488284
kr,kr.growth_expectation_toss,B_moderate2,5,earlier,36,0.007142596585849436,0.003783046295858655,0.03014062085235493,0.035779654284077624,0.8333333333333334,5.124617219574728
kr,kr.growth_expectation_toss,B_moderate2,5,recent,9,0.03890276596505664,0.051625535865244564,-0.0182541693898589,-0.02981044749309023,0.3333333333333333,-1.4354019587815965
kr,kr.growth_expectation_toss,B_moderate2,20,earlier,32,0.0011566442790425123,-0.009481804930018593,0.08705407276284106,0.07788382326943283,1.0,9.773738009561804
kr,kr.growth_expectation_toss,none,5,earlier,36,0.00032312424352221383,-0.0020991284206425104,0.023321148510027697,0.02564607511211054,0.75,3.8577848633506044
kr,kr.growth_expectation_toss,none,5,recent,11,0.026841388701833734,0.026525948981321677,-0.015763868051499545,-0.029188708493601424,0.45454545454545453,-1.834595910651223
kr,kr.growth_expectation_toss,none,20,earlier,32,-0.01056063059717236,-0.016253261745506103,0.0753367978866262,0.08236077904488079,0.90625,8.137964687908502
kr,kr.high_volume_surge,A_strong,5,earlier,7,-0.008887389445346316,-0.01822793883756585,-0.0006853732183108149,0.02353968340396523,0.5714285714285714,-0.02254219705168545
kr,kr.high_volume_surge,A_strong,20,earlier,3,-0.02277422787550577,-0.0242182462927144,-0.05506956467240833,-0.06540258326185569,0.0,-2.936703901253372
kr,kr.high_volume_surge,B_moderate2,5,earlier,34,-0.017272012069586153,-0.014520025167785193,0.0014964593572042023,-0.000544825087510742,0.5,0.18056944698509478
kr,kr.high_volume_surge,B_moderate2,5,recent,8,0.040151066156201676,0.01826689816504375,-0.002684514465669474,-0.014343738533809804,0.5,-0.1495888257829221
kr,kr.high_volume_surge,B_moderate2,20,earlier,30,-0.09587546237708472,-0.1296833899272285,-0.01592415025448923,-0.03869864376574849,0.26666666666666666,-0.7705509727889657
kr,kr.high_volume_surge,none,5,earlier,36,-0.02815702245929633,-0.038247971113340495,-0.005158998192790851,-0.007615417945719932,0.4444444444444444,-0.473872088154594
kr,kr.high_volume_surge,none,5,recent,11,-0.004594829110338688,0.008206742190965318,-0.04720008586367197,-0.054618531704531126,0.09090909090909091,-3.452060807467569
kr,kr.high_volume_surge,none,20,earlier,32,-0.12112932132363452,-0.1388544494387948,-0.03523189283983596,-0.0487210269040059,0.25,-1.4318178894917515
kr,kr.high_yield_value,A_strong,5,earlier,11,0.04922710007451176,0.0387485742371294,0.02690818394912541,0.005701313133723046,0.6363636363636364,1.387631718370755
kr,kr.high_yield_value,A_strong,5,recent,4,-0.03381688451828727,-0.03957915831663325,-0.08779089215656437,-0.07470841923502015,0.0,-2.7792305535076323
kr,kr.high_yield_value,A_strong,20,earlier,10,-0.019076992391857638,-0.017381230103764175,0.08230940596533325,0.07879586663291877,1.0,6.056135205371497
kr,kr.high_yield_value,B_moderate2,5,earlier,36,0.06030000622679014,0.007197228058804735,0.08329803049329565,0.0315844649553861,0.9166666666666666,3.4982389417715276
kr,kr.high_yield_value,B_moderate2,5,recent,9,0.006742344786986407,0.0035917472528950497,-0.04060551357512705,-0.0289921956960532,0.2222222222222222,-2.564921492938907
kr,kr.high_yield_value,B_moderate2,20,earlier,32,0.0780959070387085,0.04495918897686178,0.16399333552250706,0.10430512325218234,0.9375,5.417451899221609
kr,kr.high_yield_value,none,5,earlier,36,0.000778327631177018,0.002811684749026675,0.0237763518976825,0.020609698829418134,0.75,4.034482345246191
kr,kr.high_yield_value,none,5,recent,11,0.05841093345101509,0.07095666612277629,0.01580567669768181,0.0071078203497860395,0.7272727272727273,1.266223335032489
kr,kr.high_yield_value,none,20,earlier,32,0.01997641746702939,0.035654599840579046,0.10587384595082795,0.11276081587528686,1.0,11.89717809907318
kr,kr.investor_flow_momentum,A_strong,5,earlier,1,-0.0247644093797939,-0.0247644093797939,0.0228467920295777,0.0228467920295777,1.0,
kr,kr.investor_flow_momentum,A_strong,5,recent,1,-0.028969957081545,-0.028969957081545,-0.0846846145564681,-0.0846846145564681,0.0,
kr,kr.investor_flow_momentum,B_moderate2,5,earlier,3,0.05154775530815687,0.08790115119640761,-0.011225250061765035,0.008016263507915436,0.6666666666666666,-0.45173683245506224
kr,kr.investor_flow_momentum,B_moderate2,5,recent,10,0.013468756790881563,0.005737022271679151,-0.038952806189516076,-0.04749996502957783,0.3,-3.654151025295796
kr,kr.investor_flow_momentum,none,5,earlier,19,-0.04991015726601779,0.0,-0.05960854942967855,0.0177081119664779,0.5294117647058824,-1.1263071727654352
kr,kr.investor_flow_momentum,none,5,recent,10,0.03346358004586875,0.018094429210860803,-0.018957982934528887,-0.020567126527340898,0.3,-1.5097930282177445
kr,kr.investor_flow_momentum,none,20,earlier,16,-0.10235949509060431,0.0,0.014374938531636001,0.10640887810528885,0.7142857142857143,0.23314621605310523
kr,kr.oversold_recovery,A_strong,5,earlier,22,-0.00843669169647304,-0.00429701877070295,0.012170082328959305,0.0208642342223231,0.6818181818181818,0.877362613489425
kr,kr.oversold_recovery,A_strong,5,recent,4,-0.008953975931685376,-0.009153029533677725,-0.07701435366635793,-0.07584076600171018,0.0,-5.710355114121886
kr,kr.oversold_recovery,A_strong,20,earlier,18,-0.01764076197290934,-0.005046708786687925,0.04745947013369725,0.08634174847186035,0.6111111111111112,1.8516152948504876
kr,kr.oversold_recovery,B_moderate2,5,earlier,36,0.033224565025295236,0.006088818883719543,0.05622258929180071,0.029054563157215794,0.6944444444444444,2.475746885391585
kr,kr.oversold_recovery,B_moderate2,5,recent,11,-0.0031975752901480777,-0.0003825819357779599,-0.045802832043481366,-0.056097239410701064,0.2727272727272727,-2.8088431966031533
kr,kr.oversold_recovery,B_moderate2,20,earlier,32,0.09340932178030562,0.03154076324142602,0.17930675026410414,0.09996182874127243,0.84375,4.341918846758627
kr,kr.oversold_recovery,none,5,earlier,36,0.07687183814531158,0.037429331520274126,0.09986986241181706,0.017699387454280603,0.5555555555555556,2.8932267653432655
kr,kr.oversold_recovery,none,5,recent,11,0.0011563609930030866,0.027916165892263575,-0.041448895760330194,-0.013335786532535332,0.2727272727272727,-1.7379852566945793
kr,kr.oversold_recovery,none,20,earlier,32,0.1350389894183856,0.05290601507522066,0.2209364179021842,0.10921463400777677,0.8125,4.0898169574488135
kr,kr.profitable_company,A_strong,5,earlier,15,0.020785881762518128,0.012046632124352351,0.013657409402709327,0.012097764563788069,0.6,0.8123155367759911
kr,kr.profitable_company,A_strong,5,recent,7,-0.0258983716089597,-0.0290581162324649,-0.08507916390719804,-0.09471465747492311,0.0,-4.686328234866443
kr,kr.profitable_company,A_strong,20,earlier,14,0.005076266742267965,0.003156161960455433,0.11909438348394155,0.11824408057669748,1.0,9.040609578031464
kr,kr.profitable_company,B_moderate2,5,earlier,36,-0.0026114700018478143,-0.007480122960383914,0.020386554264657672,0.02459479179994048,0.7777777777777778,3.2434668571749268
kr,kr.profitable_company,B_moderate2,5,recent,9,0.007649294010674718,-0.0080240722166499,-0.05277872809673881,-0.0520422107005119,0.1111111111111111,-4.490228355952627
kr,kr.profitable_company,B_moderate2,20,earlier,32,-0.010626440358619416,-0.009167147712231087,0.07527098812517914,0.08679767076601255,0.84375,6.159705116995073
kr,kr.profitable_company,none,5,earlier,36,-0.012642301471319312,-0.0043356528778563,0.010355722795186172,0.01962439955103913,0.6666666666666666,2.049965635815275
kr,kr.profitable_company,none,5,recent,11,0.010835950089127794,0.01789816155793279,-0.03176930666420549,-0.026480718059529552,0.0,-6.7308550010648895
kr,kr.profitable_company,none,20,earlier,32,-0.04521582641822134,-0.048456111622120684,0.04068160206557722,0.044604936251419855,0.8125,5.138246861085777
kr,kr.random,none,5,earlier,36,-0.02132580325233071,-0.03614910257700961,0.001672221014174774,-0.0037917411151399635,0.4722222222222222,0.3743937395258087
kr,kr.random,none,5,recent,11,0.026008575972884227,0.059364096372633825,-0.016596680780449055,-0.017946093295470592,0.45454545454545453,-1.892715573334247
kr,kr.random,none,20,earlier,32,-0.07962073396456357,-0.08368054865176805,0.006276694519234992,0.003178635081080702,0.5625,0.6684509538123834
kr,kr.stable_growth,A_strong,5,earlier,13,0.0217894040974177,0.0241691842900302,0.008555282795451218,0.006062117586481355,0.6153846153846154,0.5300061224215403
kr,kr.stable_growth,A_strong,5,recent,7,-0.0258983716089597,-0.0290581162324649,-0.08507916390719804,-0.09471465747492311,0.0,-4.686328234866443
kr,kr.stable_growth,A_strong,20,earlier,12,-0.039239766800774185,-0.025335771756837176,0.07816059611413875,0.08236615851099012,0.8333333333333334,3.53657036563324
kr,kr.stable_growth,B_moderate2,5,earlier,36,0.05245192865686853,0.01820379325991315,0.075449952923374,0.03313775709879663,0.8888888888888888,3.4613486010599015
kr,kr.stable_growth,B_moderate2,5,recent,10,0.002389633028244835,-0.006280766266457425,-0.046439806316696315,-0.04342811974761643,0.0,-5.145600184635095
kr,kr.stable_growth,B_moderate2,20,earlier,32,0.05873422441614746,0.034141353445114986,0.144631652899946,0.08866469308459105,0.96875,5.3241033988856215
kr,kr.stable_growth,none,5,earlier,36,-0.006552006787832004,-0.039203508917800986,0.016446017478673483,0.0009447596748110626,0.5,1.5308095917403926
kr,kr.stable_growth,none,5,recent,11,0.048639562428024405,0.03220172289011007,0.006034305674691111,0.0088295791535176,0.5454545454545454,0.3672434178234155
kr,kr.stable_growth,none,20,earlier,32,-0.07683652797980348,-0.07431271111892843,0.009060900503995087,0.008739750865511244,0.5625,1.0027933808671392
kr,kr.steady_dividend,A_strong,5,earlier,7,0.016948166992698657,-0.001010101010101,0.03556898644050854,0.037906040257296714,0.7142857142857143,2.1000220263161227
kr,kr.steady_dividend,A_strong,20,earlier,7,0.040482815242202215,0.0229885057471264,0.14138078324338263,0.1424809534000694,1.0,8.178064649142827
kr,kr.steady_dividend,B_moderate2,5,earlier,36,0.0032975384095997,-0.0015449546037968585,0.02629556267610518,0.026922351608449552,0.75,3.0989066457558105
kr,kr.steady_dividend,B_moderate2,5,recent,11,0.0401329569532687,0.0410094637223974,-0.0024722998000645795,-0.00728718686100434,0.45454545454545453,-0.13786376532194167
kr,kr.steady_dividend,B_moderate2,20,earlier,32,-0.012111510103697331,-0.01691372864881676,0.07378591838010123,0.08941430110909603,0.8125,6.476748086597349
kr,kr.steady_dividend,none,5,earlier,36,-0.006816483547141593,-0.0007604929703567504,0.016181540719363893,0.024802502872303227,0.7222222222222222,1.998966365491227
kr,kr.steady_dividend,none,5,recent,11,0.008521649738088104,0.020021547939035742,-0.03408360701524518,-0.029691509037276697,0.18181818181818182,-2.9956872251546995
kr,kr.steady_dividend,none,20,earlier,32,-0.020644565458638124,-0.02896844145221434,0.06525286302516044,0.07515490031071335,0.84375,6.559383618290564
kr,kr.top_gainers,A_strong,5,earlier,3,0.02974751862657493,0.0239241450981256,-0.007070903496372331,0.0144656056987515,0.6666666666666666,-0.16598125360438004
kr,kr.top_gainers,A_strong,20,earlier,2,0.07474128408960788,0.07474128408960788,0.1600790369855788,0.1600790369855788,1.0,5.355398132570389
kr,kr.top_gainers,B_moderate2,5,earlier,17,-0.029263938664101066,0.011119900348235706,-0.026362900383889193,-0.021855266856686803,0.47058823529411764,-0.8437277285893051
kr,kr.top_gainers,B_moderate2,5,recent,2,0.1591618844254638,0.1591618844254638,0.021501775118152253,0.021501775118152253,0.5,0.17568077559899253
kr,kr.top_gainers,B_moderate2,20,earlier,13,-0.07687113828447246,-0.11095324155667638,-0.02873162522424663,-0.07945559369745327,0.3076923076923077,-0.8084238106380472
kr,kr.top_gainers,none,5,earlier,36,-0.0749410029734229,-0.08464893201090606,-0.051942978706917414,-0.045184834068894626,0.3333333333333333,-2.5704593302209875
kr,kr.top_gainers,none,5,recent,11,-0.0013867752463653515,0.05475275755870933,-0.04399203199969864,-0.03051302958868875,0.36363636363636365,-1.1666515772576858
kr,kr.top_gainers,none,20,earlier,32,-0.14942978691793857,-0.20498219032105447,-0.06353235843414001,-0.1024496954697411,0.1875,-1.6478050480661643
kr,kr.top_losers,A_strong,5,earlier,6,-0.043148905909160186,-0.06391587219550073,0.028530962838858597,0.03165633375960156,0.6666666666666666,0.9606792189282195
kr,kr.top_losers,A_strong,5,recent,1,-0.0065431530701415205,-0.0065431530701415205,-0.07396613775880453,-0.07396613775880453,0.0,
kr,kr.top_losers,A_strong,20,earlier,6,-0.09383297567771291,-0.09207358360654003,-0.05027664644833241,-0.010985533153307024,0.3333333333333333,-0.8523543238241638
kr,kr.top_losers,B_moderate2,5,earlier,35,-0.014825267205624172,-0.01605732597398468,0.007873413014636645,-0.00017933505880988096,0.4857142857142857,0.9028934704493232
kr,kr.top_losers,B_moderate2,5,recent,9,0.04933945253655278,0.00660268546500996,0.001275037428276295,0.0026056369670586534,0.5555555555555556,0.036516420694511935
kr,kr.top_losers,B_moderate2,20,earlier,31,-0.09206233167280853,-0.10766664636677067,-0.009025213432636854,-0.03855122556818682,0.3870967741935484,-0.4276369540841336
kr,kr.top_losers,none,5,earlier,36,-0.004021309182665027,-0.053770994560658106,0.018976715083840447,-0.021060475499130465,0.4444444444444444,0.5616526032185911
kr,kr.top_losers,none,5,recent,11,0.016704309296963014,0.05230161187153667,-0.025900947456370272,0.013211438965359775,0.5454545454545454,-0.9199841844764045
kr,kr.top_losers,none,20,earlier,32,-0.07104244463434271,-0.12119226289728904,0.014854983849455827,-0.02372674572400668,0.46875,0.29676958450252594
kr,kr.trade_amount,A_strong,5,earlier,17,0.023635245886048047,0.0005438545833764,0.035176356635449414,0.0442233235398025,0.7058823529411765,2.168259469661551
kr,kr.trade_amount,A_strong,20,earlier,13,-0.0027859791315846907,0.0022451481255862,0.08458070494163931,0.10876217506828921,0.6153846153846154,2.6229040979593363
kr,kr.trade_amount,B_moderate2,5,earlier,33,-0.007243563548018983,-0.022245989538496498,0.012559319019100299,0.011094590009281794,0.6060606060606061,1.7190407064163653
kr,kr.trade_amount,B_moderate2,5,recent,7,0.04526822090356295,0.029374482059028102,0.0018975820365926181,0.0065430437494316,0.5714285714285714,0.10536680775605796
kr,kr.trade_amount,B_moderate2,20,earlier,29,-0.09189008894336445,-0.09773760052554688,-0.008920727554021336,-0.010076640110797336,0.4482758620689655,-0.5271088129749334
kr,kr.trade_amount,none,5,earlier,36,-0.04475658250668695,-0.065760400171837,-0.021758558240181462,-0.054866645766670885,0.3333333333333333,-1.1719748214699441
kr,kr.trade_amount,none,5,recent,11,0.02207320819966996,0.01989967920417703,-0.02053204855366331,0.016748165800844827,0.5454545454545454,-0.8773404487216616
kr,kr.trade_amount,none,20,earlier,32,-0.25407963668904215,-0.26853793531184444,-0.1681822082052436,-0.17699491160985936,0.09375,-9.228779814987096
kr,kr.tv_rsi45,A_strong,5,earlier,12,-0.021890890865319323,-0.013525300846472842,-0.002789026975704559,0.010181874884335983,0.5833333333333334,-0.13374177685735292
kr,kr.tv_rsi45,A_strong,5,recent,11,0.0036631770215831143,0.00121424797921455,-0.03894207973175017,-0.050889996655798166,0.2727272727272727,-2.5576370082176014
kr,kr.tv_rsi45,A_strong,20,earlier,8,-0.08017740106371837,-0.0564295254566779,-0.07737166889934555,-0.0913165234586327,0.125,-2.2320432007571456
kr,kr.tv_rsi45,B_moderate2,5,earlier,36,-0.007098298551353837,-0.012525328151754826,0.01589972571515165,0.016018097555886623,0.7777777777777778,2.4242988085004433
kr,kr.tv_rsi45,B_moderate2,5,recent,11,-0.004264494856839935,-0.00786138371414484,-0.04686975161017323,-0.059821635790584325,0.2727272727272727,-2.8846023700436434
kr,kr.tv_rsi45,B_moderate2,20,earlier,32,-0.03873258341071355,-0.0535669716933313,0.04716484507308501,0.04507682740960192,0.75,4.8862987892312955
kr,kr.tv_rsi45,none,5,earlier,36,-0.015323382535929917,-0.02408402229763716,0.007674641730575564,0.004763061650415394,0.5833333333333334,1.2871905811998647
kr,kr.tv_rsi45,none,5,recent,11,0.04051020975996282,0.04682318657477795,-0.002095046993370467,-4.010988916877678e-05,0.45454545454545453,-0.20208731587074213
kr,kr.tv_rsi45,none,20,earlier,32,-0.05467161926106512,-0.067699790716096,0.031225809222733436,0.03787791302150148,0.8125,4.030093567170038
kr,kr.undervalued_breakout,A_strong,5,earlier,3,0.09083558334358206,0.0862409479921,0.0804374338965617,0.1039490599585779,1.0,3.013079556561849
kr,kr.undervalued_breakout,A_strong,20,earlier,3,0.1545731474687945,0.1613965744400527,0.23946813696416183,0.23745435052063568,1.0,76.45886175478401
kr,kr.undervalued_breakout,B_moderate2,5,earlier,22,0.019027560445247726,0.023200396003290772,0.01821047653852082,0.03283727497231345,0.6363636363636364,1.6843491484838113
kr,kr.undervalued_breakout,B_moderate2,5,recent,3,0.09883029325777408,0.0926935659760086,-0.015417441176654634,0.012625791037016096,0.6666666666666666,-0.48335125418275016
kr,kr.undervalued_breakout,B_moderate2,20,earlier,20,-0.017253162661297082,-0.015739511408718126,0.08579858241290875,0.1226280240522763,0.8,4.336568694178339
kr,kr.undervalued_breakout,none,5,earlier,36,-0.0003820951510336259,0.005383577552042956,0.022615929115471854,0.015847594700765466,0.6111111111111112,2.192594073531578
kr,kr.undervalued_breakout,none,5,recent,11,0.029889678319938197,0.03591698537899002,-0.01271557843339509,-0.014565702652116957,0.45454545454545453,-1.0834832847020883
kr,kr.undervalued_breakout,none,20,earlier,32,-0.019299310427576766,-0.020315670620163734,0.06659811805622179,0.052036177485781654,0.96875,7.367534160684816
kr,kr.undervalued_growth,A_strong,5,earlier,2,0.0705801104972375,0.0705801104972375,0.07111042353364065,0.07111042353364065,1.0,2.0510808648203205
kr,kr.undervalued_growth,A_strong,5,recent,1,-0.028969957081545,-0.028969957081545,-0.0846846145564681,-0.0846846145564681,0.0,
kr,kr.undervalued_growth,A_strong,20,earlier,2,-0.043164452803573554,-0.043164452803573554,0.07174903822510313,0.07174903822510313,0.5,0.4887950261407681
kr,kr.undervalued_growth,B_moderate2,5,earlier,36,0.021722276349885765,0.0002809126070276902,0.04472030061639125,0.02359417166742204,0.8333333333333334,2.6330412781573114
kr,kr.undervalued_growth,B_moderate2,5,recent,11,0.028652187166332835,0.0417972831765935,-0.013953069587000443,-0.013063467742213968,0.2727272727272727,-1.4623264573341082
kr,kr.undervalued_growth,B_moderate2,20,earlier,32,0.029270776470606594,-0.002564061068103864,0.11516820495440516,0.07900344147248473,0.96875,5.146956073287691
kr,kr.undervalued_growth,none,5,earlier,36,-0.02338106750568652,-0.03585318475406939,-0.0003830432391810322,0.002654373336763117,0.5833333333333334,-0.09915450065866353
kr,kr.undervalued_growth,none,5,recent,11,0.054586088546645574,0.06945243407629582,0.011980831793312285,0.01373777660137272,0.6363636363636364,1.3753010475833127
kr,kr.undervalued_growth,none,20,earlier,32,-0.07704177600772358,-0.10319639432689055,0.008855652476074975,0.006589667331654336,0.5625,1.5312629727534017
us,us.cheap_value,A_strong,5,earlier,15,0.013446866346677959,0.012062767869487,0.004418554073229006,0.0080271875870242,0.6,0.4728554542782255
us,us.cheap_value,A_strong,5,recent,2,0.010980300364167327,0.010980300364167327,0.022199048637213628,0.022199048637213628,0.5,0.5322293189469699
us,us.cheap_value,A_strong,20,earlier,13,0.09696982021424885,0.1047565460281736,0.0697620518809453,0.07323054283532611,0.6153846153846154,2.8558296517645854
us,us.cheap_value,B_moderate2,5,earlier,32,0.6082275174563705,0.01818442649500989,0.5994087415524579,0.011991162211885554,0.65625,1.4725413749300083
us,us.cheap_value,B_moderate2,5,recent,10,0.0019976776339249566,0.00044083520790925567,-0.002459688985638037,-0.0031372234618998107,0.4,-0.5125327695410717
us,us.cheap_value,B_moderate2,20,earlier,27,0.4580182817469763,0.06490063428160078,0.43578587634305394,0.030846827579710377,0.8518518518518519,1.597918920829957
us,us.cheap_value,none,5,earlier,32,0.23856344816595718,-0.03431772514553447,0.22974467226204462,-0.029660476252524,0.3125,1.7655552435546256
us,us.cheap_value,none,5,recent,10,0.004760733154579333,0.001981679207416517,0.0003033665350163392,0.005267094264271462,0.6,0.04650648672688405
us,us.cheap_value,none,20,earlier,27,0.4997612879357319,-0.20909241955721408,0.47752888253180936,-0.23847253534719365,0.3333333333333333,2.0959675703478267
us,us.consecutive_gainers,B_moderate2,5,earlier,4,-0.01492024194013725,-0.007355722171190949,-0.032677093987023675,-0.03557617755332955,0.0,-7.347249450053497
us,us.consecutive_gainers,B_moderate2,5,recent,1,-0.0021593608291945,-0.0021593608291945,-0.0213868870708815,-0.0213868870708815,0.0,
us,us.consecutive_gainers,B_moderate2,20,earlier,1,0.0247327064279274,0.0247327064279274,-0.028158520179870705,-0.028158520179870705,0.0,
us,us.consecutive_gainers,none,5,earlier,32,0.1299194492422483,-0.03171235159929928,0.1211006733383358,-0.034141070693410255,0.125,0.9685635802491319
us,us.consecutive_gainers,none,5,recent,10,0.022230603738145942,0.02135131168223069,0.017773237118582943,0.01970992865091131,0.7,0.9818877987464756
us,us.consecutive_gainers,none,20,earlier,27,0.22297342342254456,-0.06753897511387044,0.2007410180186221,-0.06892294275151034,0.2222222222222222,1.0825859641187674
us,us.high_volume_surge,A_strong,5,earlier,21,0.03794659324094456,0.02098062329743325,0.02588913275120936,0.013051726725601648,0.5714285714285714,1.9943208483319625
us,us.high_volume_surge,A_strong,5,recent,2,0.0477951953706712,0.0477951953706712,0.03748528812947824,0.03748528812947824,0.5,0.939716053412026
us,us.high_volume_surge,A_strong,20,earlier,16,0.05173296622462663,0.05670985810078885,0.03285273562285729,0.04388681758752437,0.8125,2.6615191022461273
us,us.high_volume_surge,B_moderate2,5,earlier,32,0.02112660689779915,0.02074112829947384,0.01230783099388663,0.006928530369411144,0.59375,1.5089947368361267
us,us.high_volume_surge,B_moderate2,5,recent,10,0.04245832092568637,0.009706660567879624,0.03800095430612338,0.005104236018320924,0.5,1.1519031173405025
us,us.high_volume_surge,B_moderate2,20,earlier,27,0.27366262576540834,0.05616284387371399,0.25143022036148593,0.026658417436975,0.7777777777777778,1.6294418931752206
us,us.high_volume_surge,none,5,earlier,32,-0.060673573696259066,-0.14385358406769255,-0.06949234960017159,-0.1607989683466697,0.0625,-0.9055904886006634
us,us.high_volume_surge,none,5,recent,10,-0.12983560826542156,-0.13776679828129668,-0.13429297488498457,-0.14498185058521482,0.0,-8.742036921720127
us,us.high_volume_surge,none,20,earlier,27,-0.018239922676000955,-0.15776460297144665,-0.04047232807992343,-0.21132855703135928,0.1111111111111111,-0.29421274854602003
us,us.high_yield_value,A_strong,5,earlier,8,0.011891778445015665,0.0407434275311067,-0.0031171339034937566,0.019233492578396547,0.625,-0.11147641824661349
us,us.high_yield_value,A_strong,5,recent,6,-0.00913927213264055,-0.01011555755452735,-0.012359187009278294,-0.009763262623860399,0.5,-0.9590964637762109
us,us.high_yield_value,A_strong,20,earlier,6,-0.0008929088546650426,-0.043901280983949506,-0.030888573000051073,-0.08372305626702631,0.3333333333333333,-0.7765251441283384
us,us.high_yield_value,B_moderate2,5,earlier,32,0.01776493662718829,0.018653646164134417,0.008946160723275769,0.010020197230011536,0.71875,2.1276554996387653
us,us.high_yield_value,B_moderate2,5,recent,10,0.016211366118632425,0.019989338058989052,0.011753999499069433,0.014067810654361107,0.8,1.0967316109843552
us,us.high_yield_value,B_moderate2,20,earlier,27,0.07722415619084894,0.0775066310566006,0.05499175078692645,0.058538842480093556,0.8148148148148148,5.2580423591444205
us,us.high_yield_value,none,5,earlier,32,0.11842261222381413,0.02929892597194291,0.1096038363199016,0.025445525996937446,0.78125,2.8272345500655907
us,us.high_yield_value,none,5,recent,10,0.01107105960864807,0.012079605939216852,0.0066136929890850795,0.009909171811092365,0.7,0.8796577581477811
us,us.high_yield_value,none,20,earlier,27,0.2894647516899498,0.10838265748311333,0.2672323462860273,0.07788701740520554,1.0,5.155348004854139
us,us.random,none,5,earlier,32,0.016347563125344886,0.010995867826755261,0.007528787221432366,-0.00021166327848298576,0.5,0.978272634840451
us,us.random,none,5,recent,10,0.009262546152173867,0.012710773555041233,0.004805179532610874,0.008111103586681694,0.7,0.6314245645313714
us,us.random,none,20,earlier,27,0.019807895890107875,0.023371954002487174,-0.00242450951381461,0.005391153051217639,0.5185185185185185,-0.23414623562974382
us,us.steady_dividend,A_strong,5,earlier,27,0.0014299669205634696,0.004644293849978225,-0.00787520268723176,-0.00928447460849555,0.3333333333333333,-1.7400433862299585
us,us.steady_dividend,A_strong,5,recent,4,0.0188098842750441,0.0176678474123354,0.014986373293756374,0.01668266392262055,0.5,0.9042612916753466
us,us.steady_dividend,A_strong,20,earlier,22,-0.0012458170295062696,-0.006383992129372937,-0.02533392944579672,-0.024834825184641335,0.22727272727272727,-2.568814107818312
us,us.steady_dividend,B_moderate2,5,earlier,32,0.005326165279064546,0.006747080552172549,-0.0034926106248479765,-0.005500614894966655,0.34375,-1.3122876783304502
us,us.steady_dividend,B_moderate2,5,recent,10,0.012277818262222961,0.011233930538651009,0.007820451642659968,0.009269643974338476,0.7,1.5865732207888497
us,us.steady_dividend,B_moderate2,20,earlier,27,0.02833698541717934,0.0188016049521599,0.006104580013256856,0.00668615830365499,0.5555555555555556,1.3702958414212074
us,us.steady_dividend,none,5,earlier,32,-0.004900674823642518,-0.011366330505738036,-0.013719450727555042,-0.014019355523192938,0.25,-3.704889588815746
us,us.steady_dividend,none,5,recent,10,0.01609240078339414,0.00924807075734553,0.011635034163831149,0.01008651392651097,0.7,1.2482365844866685
us,us.steady_dividend,none,20,earlier,27,-0.012585126453318005,-0.01909110207567073,-0.034817531857240486,-0.03402601501135394,0.1111111111111111,-7.281477660158849
us,us.top_gainers,A_strong,5,recent,1,0.0054815974941269,0.0054815974941269,0.005423273010693671,0.005423273010693671,1.0,
us,us.top_gainers,B_moderate2,5,earlier,17,0.03449690666051358,0.0147010498853192,0.026735170088303926,0.022464119462840798,0.5882352941176471,1.110775554393158
us,us.top_gainers,B_moderate2,5,recent,3,-0.06663435919421166,-0.086458252124425,-0.06195493843392613,-0.0823843425027048,0.3333333333333333,-1.7933017155214885
us,us.top_gainers,B_moderate2,20,earlier,14,0.048170681440406926,0.04698437374244485,0.023172899014349758,0.02611101938737295,0.5714285714285714,0.4509849246348693
us,us.top_gainers,none,5,earlier,32,-0.0021234885754611993,-0.13240916788890267,-0.0109422644793737,-0.14876126389334327,0.15625,-0.11355424205894268
us,us.top_gainers,none,5,recent,10,-0.09948851922786361,-0.13182677072101356,-0.10394588584742662,-0.14369803175902013,0.2,-2.8578262744889096
us,us.top_gainers,none,20,earlier,27,-0.04577116806965029,-0.25687730410863685,-0.06800357347357282,-0.2857147541756577,0.1111111111111111,-0.4770712993172593
us,us.top_losers,A_strong,5,earlier,12,0.0030232664459936623,0.011901823188741674,-0.00725035760862517,0.0033458578458410164,0.5,-0.49341702192616044
us,us.top_losers,A_strong,5,recent,4,0.03040541147529483,-0.003103778755557899,0.02086677034556814,-0.010680587065541298,0.25,0.45653707649769776
us,us.top_losers,A_strong,20,earlier,8,0.05602342311807889,0.0803140414303187,0.022133599689994742,0.05103450090561881,0.625,0.4286967353802052
us,us.top_losers,B_moderate2,5,earlier,32,0.02232656276348954,0.017565715681839005,0.013507786859577023,0.016764655937008398,0.59375,1.2952470389607382
us,us.top_losers,B_moderate2,5,recent,10,0.019266014038779068,0.02268333484454582,0.014808647419216078,0.019594117804606154,0.6,1.989199724802987
us,us.top_losers,B_moderate2,20,earlier,27,0.0021806534841139905,-0.008907129615085916,-0.02005175191980849,-0.030787322919488158,0.37037037037037035,-1.264395415840888
us,us.top_losers,none,5,earlier,32,0.016688265543627085,-0.024844788487720752,0.007869489639714575,-0.022453951964033266,0.375,0.20300766695099035
us,us.top_losers,none,5,recent,10,-0.017889432896820354,-0.02062780095137663,-0.02234679951638333,-0.015645624621808442,0.4,-0.5128168750754726
us,us.top_losers,none,20,earlier,27,-0.06034289332243743,-0.14333347249907624,-0.08257529872635995,-0.15317430693462514,0.1111111111111111,-1.1185496970044773
us,us.trade_amount,A_strong,5,earlier,25,0.03682797776041753,0.023098392265404,0.025301693156189627,0.015580648116958648,0.64,2.020891474122825
us,us.trade_amount,A_strong,5,recent,5,0.03643517123337321,0.0020821765685727,0.03776736232174011,0.011406281431742799,1.0,2.034405618626471
us,us.trade_amount,A_strong,20,earlier,20,0.02860029170778249,0.024332015241607833,0.008415846612926586,-0.0006593565222298998,0.5,0.5046216159194633
us,us.trade_amount,B_moderate2,5,earlier,32,0.01837309310094629,0.011064251703773946,0.009554317197033766,0.0020797677712263802,0.53125,1.343831887790037
us,us.trade_amount,B_moderate2,5,recent,10,0.01748766537616161,0.018134508209531792,0.013030298756598616,0.01081871387841777,0.8,3.4537478440324945
us,us.trade_amount,B_moderate2,20,earlier,27,0.021702363139333332,0.021866002287308575,-0.0005300422645891555,-0.00038320311666932214,0.48148148148148145,-0.09666518130423365
us,us.trade_amount,none,5,earlier,32,-0.00928641797344035,-0.016841442355928896,-0.018105193877352876,-0.018599470607830834,0.3125,-2.0042460548046583
us,us.trade_amount,none,5,recent,10,0.011796574853956765,0.014911738610878971,0.0073392082343937725,0.0010235462696540293,0.5,0.6519606323880804
us,us.trade_amount,none,20,earlier,27,-0.055241807104099115,-0.04705375299047335,-0.07747421250802161,-0.06664390460157402,0.1111111111111111,-6.54113365725843
us,us.tv_rsi45,A_strong,5,earlier,8,0.004931626389649394,-0.0011219887531396249,-0.010567143069734882,-0.012017282393632875,0.25,-0.9576537249259579
us,us.tv_rsi45,A_strong,5,recent,3,0.1753222670317314,0.0256290773532152,0.1800016877920169,0.02557075286978197,1.0,1.0901033515200855
us,us.tv_rsi45,A_strong,20,earlier,8,0.057462960456878376,0.04159136045785945,0.048152562364837406,0.041650682471606804,0.75,2.7130657355412215
us,us.tv_rsi45,B_moderate2,5,earlier,32,0.028308555240990352,0.025484852271243363,0.01948977933707783,0.024159203173707615,0.71875,3.0548589892100604
us,us.tv_rsi45,B_moderate2,5,recent,10,0.020428745885984614,0.005308004958533849,0.015971379266421618,-0.001579697177575852,0.5,0.8292827790318557
us,us.tv_rsi45,B_moderate2,20,earlier,27,0.07671318439163544,0.05622837179820085,0.05448077898771295,0.046397931965734225,0.7777777777777778,4.276339909382007
us,us.tv_rsi45,none,5,earlier,32,0.025845850099217308,-0.0012049136245337313,0.01702707419530479,-0.010537021014296863,0.4375,0.7367257524504827
us,us.tv_rsi45,none,5,recent,10,0.08017186093946628,0.059953981515165136,0.0757144943199033,0.06791604602735768,0.9,3.1985116714035398
us,us.tv_rsi45,none,20,earlier,27,0.14179813140757835,0.01493916864437709,0.11956572600365584,-4.392432435188776e-05,0.48148148148148145,1.480710092942882
us,us.undervalued_breakout,A_strong,5,earlier,4,0.0166358622393252,0.019240176422891102,-0.005450976477721975,-0.00846059682308775,0.25,-1.0564567167819714
us,us.undervalued_breakout,A_strong,5,recent,3,0.027769493246920237,0.0150845228793048,0.026059180087787837,0.0184119388875359,0.6666666666666666,1.3020827995859752
us,us.undervalued_breakout,A_strong,20,earlier,4,0.013344267161190373,0.01168733073569245,0.0022316255319897995,0.0063827508207334495,0.75,0.3192410396740683
us,us.undervalued_breakout,B_moderate2,5,earlier,10,0.044015609701372874,0.0302685941806908,0.03158103646491372,0.0208813418151709,0.7,2.3432129725026596
us,us.undervalued_breakout,B_moderate2,5,recent,6,-0.023735537970330612,-0.023165215906047185,-0.029861416827664272,-0.021157423336903698,0.16666666666666666,-1.8608514664978237
us,us.undervalued_breakout,B_moderate2,20,earlier,10,0.11050327888572087,0.0779460695176169,0.09761733513577733,0.04882373184419964,0.9,2.430690057975252
us,us.undervalued_breakout,none,5,earlier,32,0.008812010319645916,0.006233672733244638,-6.76558426660704e-06,-0.004427910074064165,0.46875,-0.0016103099591239774
us,us.undervalued_breakout,none,5,recent,10,-0.00759826347945026,-0.004136929204636461,-0.012055630099013254,-0.01727883025050812,0.4,-1.7429173662076693
us,us.undervalued_breakout,none,20,earlier,27,0.05303787870779297,0.059945020358020885,0.03080547330387048,0.03426594791467878,0.8148148148148148,4.710127085444938
crypto,crypto.funding_overheated,none,5,all,71,-0.005596953751993854,-0.017955126111972218,0.01396010312012723,0.010811039071102858,0.5492957746478874,2.1382715937312717
crypto,crypto.funding_overheated,none,20,all,56,-0.08131292216984197,-0.09164443625492946,0.005979858680011742,0.0001078892351501659,0.5,0.7901720475670037
crypto,crypto.funding_overheated,rsi45_only,5,all,71,-0.007486089312553595,-0.01912462189261107,0.012070967559567491,-1.6913047724706476e-05,0.49295774647887325,2.2053443520799885
crypto,crypto.funding_overheated,rsi45_only,20,all,56,-0.08686458456190824,-0.08886713254869466,0.0004281962879454601,-0.006076423029691654,0.4107142857142857,0.06380104211345208
crypto,crypto.funding_squeeze,none,5,all,71,-0.05107562621220175,-0.061077354502808844,-0.031518569340080654,-0.03508872929234229,0.22535211267605634,-5.7761070424720256
crypto,crypto.funding_squeeze,none,20,all,56,-0.12307928720443664,-0.13041579261525832,-0.03578650635458295,-0.038521489686726,0.25,-4.249191643096714
crypto,crypto.funding_squeeze,rsi45_only,5,all,71,-0.02088539062665592,-0.03375931795958038,-0.0013283337545348275,-0.006094630291114514,0.4225352112676056,-0.2508116361771423
crypto,crypto.funding_squeeze,rsi45_only,20,all,56,-0.10473575966249173,-0.11195626377620665,-0.017442978812638017,-0.01948986065045227,0.375,-2.8094478081130276
crypto,crypto.high_volume,none,5,all,71,-0.041914012539757045,-0.05243522108707625,-0.02235695566763597,-0.01957546885837439,0.23943661971830985,-4.593597943392669
crypto,crypto.high_volume,none,20,all,56,-0.11632393147728486,-0.12805120395189673,-0.02903115062743117,-0.03126764558536911,0.23214285714285715,-4.7537510075267315
crypto,crypto.high_volume,rsi45_only,5,all,71,-0.019536014214712884,-0.02428228089324751,2.1042657408201545e-05,-0.005208489436636954,0.38028169014084506,0.00462529918293898
crypto,crypto.high_volume,rsi45_only,20,all,56,-0.09822431986429395,-0.0971668472916766,-0.010931539014440253,-0.017248331553728274,0.35714285714285715,-2.2963323671758773
crypto,crypto.long_short_skew,none,5,all,71,-0.004546809409801183,-0.0214003933254333,0.015010247462319909,0.011239392675219522,0.5915492957746479,2.7857277839382517
crypto,crypto.long_short_skew,none,20,all,56,-0.05853113134369625,-0.05933774882236202,0.02876164950615745,0.030893798035708072,0.7321428571428571,4.238751150641479
crypto,crypto.long_short_skew,rsi45_only,5,all,71,-0.004700553506531293,-0.02383382066279336,0.014856503365589798,0.003184093461685737,0.5352112676056338,2.693994718499074
crypto,crypto.long_short_skew,rsi45_only,20,all,56,-0.06837345375080019,-0.06300642552008887,0.01891932709905352,0.019187639905789294,0.625,2.7778158081194
crypto,crypto.momentum,none,5,all,71,-0.04965857487517481,-0.06605573438425912,-0.030101518003053707,-0.037606639556499136,0.22535211267605634,-6.323447669234826
crypto,crypto.momentum,none,20,all,56,-0.13279639054668016,-0.15405085029780144,-0.04550360969682645,-0.06006642097526802,0.21428571428571427,-5.541508311451155
crypto,crypto.momentum,rsi45_only,5,all,71,-0.031089767571498613,-0.03581621304015324,-0.011532710699377526,-0.012606572750291107,0.352112676056338,-2.8800721914289515
crypto,crypto.momentum,rsi45_only,20,all,56,-0.12069776889346552,-0.13460757434195267,-0.03340498804361182,-0.03687077779897916,0.17857142857142858,-5.331610536494451
crypto,crypto.oi_surge,none,5,all,71,-0.028524017504902372,-0.026457727929018494,-0.008966960632781282,-0.00277715037287288,0.39436619718309857,-1.6141490267926486
crypto,crypto.oi_surge,none,20,all,56,-0.09128984699037446,-0.10385180286576987,-0.003997066140520755,-0.00016999762181313036,0.5,-0.45539599080038207
crypto,crypto.oi_surge,rsi45_only,5,all,71,-0.010846614264134333,-0.01504954430562426,0.008710442607986757,-0.00036149738002628633,0.49295774647887325,1.9211841245574783
crypto,crypto.oi_surge,rsi45_only,20,all,56,-0.08760185585272165,-0.10486309991773436,-0.0003090750028679568,-0.006290696907167132,0.44642857142857145,-0.04347772148354125
crypto,crypto.oversold,none,5,all,71,-0.014921068916792181,-0.029989577079531073,0.004635987955328906,-0.0034228623629068144,0.43661971830985913,1.0050715255887919
crypto,crypto.oversold,none,20,all,56,-0.10698108262876249,-0.10348208425823127,-0.019688301778908807,-0.027578350665586324,0.35714285714285715,-2.766336050936439
crypto,crypto.oversold,rsi45_only,5,all,71,-0.014921068916792181,-0.029989577079531073,0.004635987955328906,-0.0034228623629068144,0.43661971830985913,1.0050715255887919
crypto,crypto.oversold,rsi45_only,20,all,56,-0.10698108262876249,-0.10348208425823127,-0.019688301778908807,-0.027578350665586324,0.35714285714285715,-2.766336050936439
crypto,crypto.random,none,5,all,71,-0.011552789999209794,-0.019154877659137433,0.00800426687291129,0.003188305489815161,0.5492957746478874,1.8713947266567688
crypto,crypto.random,none,20,all,56,-0.08620030131855752,-0.09518414450222512,0.001092479531296174,0.0077002238835089075,0.5535714285714286,0.19414131695116982
crypto,crypto.tv_rsi45,none,5,all,71,-0.021312797087667198,-0.02156314969409126,-0.0017557402155461092,-0.00508602481519752,0.43661971830985913,-0.3691161422196311
crypto,crypto.tv_rsi45,none,20,all,56,-0.11869251926461222,-0.11408309238296116,-0.03139973841475851,-0.024784417775948968,0.2857142857142857,-5.165443288030858
crypto,crypto.tv_rsi45,rsi45_only,5,all,71,-0.021312797087667198,-0.02156314969409126,-0.0017557402155461092,-0.00508602481519752,0.43661971830985913,-0.3691161422196311
crypto,crypto.tv_rsi45,rsi45_only,20,all,56,-0.11869251926461222,-0.11408309238296116,-0.03139973841475851,-0.024784417775948968,0.2857142857142857,-5.165443288030858
kr,kr.cheap_value,A_strong,5,all,1,-0.0038314176245211,-0.0038314176245211,-0.022908235041864802,-0.022908235041864802,0.0,
kr,kr.cheap_value,A_strong,20,all,1,-0.0063856960408684,-0.0063856960408684,-0.0769897386430875,-0.0769897386430875,0.0,
kr,kr.cheap_value,B_moderate2,5,all,46,0.019546190640197254,0.01806190229785603,0.026788647695908187,0.03190920583462445,0.717391304347826,3.3704494789678607
kr,kr.cheap_value,B_moderate2,20,all,32,0.04676334982902054,0.03565038057221827,0.13266077831281908,0.1395160484971389,0.96875,7.125801085303932
kr,kr.cheap_value,none,5,all,47,0.011391758469213588,0.0020154925256657998,0.01903582334809723,0.018633295977373038,0.6808510638297872,2.9844723813885423
kr,kr.cheap_value,none,20,all,32,0.012549075936953934,0.015564542379252054,0.0984465044207525,0.13304130640836143,0.96875,9.216332049678762
kr,kr.consecutive_gainers,A_strong,5,all,3,0.0005799681363852166,0.00057109090360505,-0.002326776263121017,-0.00888744849576905,0.3333333333333333,-0.2206992466118233
kr,kr.consecutive_gainers,A_strong,20,all,3,0.00243567665616235,0.002455566183976,0.10144667433629621,0.10876155722143299,1.0,13.778774411160983
kr,kr.consecutive_gainers,B_moderate2,5,all,5,-0.022805193911374082,0.0005692101662212,0.0077448238592617985,-0.008176611761497565,0.4,0.5981269808363522
kr,kr.consecutive_gainers,B_moderate2,20,all,5,-0.0068794282733091626,0.002455566183976,0.10042621703967362,0.10876155722143299,1.0,14.398703565884409
kr,kr.consecutive_gainers,none,5,all,47,-0.010326179781902482,-0.001270764677787003,-0.002682114903018836,-0.004922278883063479,0.44680851063829785,-0.23782252458314188
kr,kr.consecutive_gainers,none,20,all,32,-0.09480022305454885,-0.04099546288696032,-0.008902794570750298,0.03437784526915438,0.625,-0.3550452290769848
kr,kr.double_buy,A_strong,5,all,7,0.024847380206656704,0.021015867015345167,-0.02284606348722371,-0.0089328307090284,0.42857142857142855,-1.0047606267630618
kr,kr.double_buy,A_strong,20,all,6,-0.11455159319688742,-0.1041569527322132,-0.029799395649241795,-0.054972439754124226,0.3333333333333333,-0.7088953189596615
kr,kr.double_buy,B_moderate2,5,all,30,0.020968876461428084,-0.0017755142795655779,0.019676437856618722,0.014967613772854764,0.6333333333333333,1.0647131014125117
kr,kr.double_buy,B_moderate2,20,all,23,-0.02047592108092962,-0.03330554371362813,0.0549073711603259,0.005591330390861143,0.6086956521739131,1.7356115164913166
kr,kr.double_buy,none,5,all,46,-0.06541503797002873,-0.0648087044776217,-0.058817409840693696,-0.04279704332009955,0.30434782608695654,-3.6619701707872117
kr,kr.double_buy,none,20,all,31,-0.15092313585209877,-0.13318068506621508,-0.06642175530448394,-0.09130911094998476,0.3548387096774194,-2.610470784445201
kr,kr.future_dividend_king,A_strong,5,all,6,0.011821791155090348,-0.0031338622821272,0.03178774227220335,0.03306174129410606,0.6666666666666666,1.6272322846814362
kr,kr.future_dividend_king,A_strong,20,all,6,0.03713820799663655,0.018147272320850748,0.15213289922601983,0.1530575098938668,1.0,9.497844610731748
kr,kr.future_dividend_king,B_moderate2,5,all,45,-0.0012748210001958128,-0.0025452741255272016,0.003990824611509158,0.014045374302137646,0.6222222222222222,0.43987470395988937
kr,kr.future_dividend_king,B_moderate2,20,all,31,-0.015005570691878602,-0.006030464459028774,0.06766233174417281,0.0698069165884719,0.8064516129032258,5.199729024854303
kr,kr.future_dividend_king,none,5,all,47,-0.00282178650364151,-0.0059464740106377,0.004822278375242131,0.005152236569845481,0.574468085106383,0.6831347619282876
kr,kr.future_dividend_king,none,20,all,32,-0.028991883172899524,-0.026893356830555284,0.05690554531089904,0.06426940687249341,0.75,4.664987608324538
kr,kr.growth_expectation_toss,A_strong,5,all,6,0.04105282922897766,0.04429379920360098,0.03562643417371513,0.0415795057472456,0.8333333333333334,1.9388929791780718
kr,kr.growth_expectation_toss,A_strong,20,all,6,0.013586419566515427,-0.0019569026327166997,0.13480312810666534,0.16569172867340387,0.8333333333333334,3.1528672550488284
kr,kr.growth_expectation_toss,B_moderate2,5,all,45,0.013494630461690877,0.00613662892568814,0.02046166280391215,0.029687785865495458,0.7333333333333333,3.3909816833189215
kr,kr.growth_expectation_toss,B_moderate2,20,all,32,0.0011566442790425123,-0.009481804930018593,0.08705407276284106,0.07788382326943283,1.0,9.773738009561804
kr,kr.growth_expectation_toss,none,5,all,47,0.006529526563552572,0.0023023568543221206,0.014173591442436214,0.019154487452994036,0.6808510638297872,2.5453302623649914
kr,kr.growth_expectation_toss,none,20,all,32,-0.01056063059717236,-0.016253261745506103,0.0753367978866262,0.08236077904488079,0.90625,8.137964687908502
kr,kr.high_volume_surge,A_strong,5,all,7,-0.008887389445346316,-0.01822793883756585,-0.0006853732183108149,0.02353968340396523,0.5714285714285714,-0.02254219705168545
kr,kr.high_volume_surge,A_strong,20,all,3,-0.02277422787550577,-0.0242182462927144,-0.05506956467240833,-0.06540258326185569,0.0,-2.936703901253372
kr,kr.high_volume_surge,B_moderate2,5,all,42,-0.006334282883721808,-0.001710337407166512,0.0007000833909425483,-0.000544825087510742,0.5,0.09415135659032146
kr,kr.high_volume_surge,B_moderate2,20,all,30,-0.09587546237708472,-0.1296833899272285,-0.01592415025448923,-0.03869864376574849,0.26666666666666666,-0.7705509727889657
kr,kr.high_volume_surge,none,5,all,47,-0.022642466569114755,-0.034770349900459144,-0.014998401690231112,-0.01382498566143341,0.3617021276595745,-1.6222766644102515
kr,kr.high_volume_surge,none,20,all,32,-0.12112932132363452,-0.1388544494387948,-0.03523189283983596,-0.0487210269040059,0.25,-1.4318178894917515
kr,kr.high_yield_value,A_strong,5,all,15,0.02708203751643202,0.01691718990002425,-0.0036782363457252007,-5.261586559825171e-05,0.4666666666666667,-0.1758031643967612
kr,kr.high_yield_value,A_strong,20,all,10,-0.019076992391857638,-0.017381230103764175,0.08230940596533325,0.07879586663291877,1.0,6.056135205371497
kr,kr.high_yield_value,B_moderate2,5,all,45,0.049588473938829404,0.0066934404283802,0.0585173216796111,0.02404927690444897,0.7777777777777778,2.836015347405012
kr,kr.high_yield_value,B_moderate2,20,all,32,0.0780959070387085,0.04495918897686178,0.16399333552250706,0.10430512325218234,0.9375,5.417451899221609
kr,kr.high_yield_value,none,5,all,47,0.014266809844330609,0.014108011608577619,0.021910874723214256,0.02059349685745305,0.7446808510638298,4.110337692464551
kr,kr.high_yield_value,none,20,all,32,0.01997641746702939,0.035654599840579046,0.10587384595082795,0.11276081587528686,1.0,11.89717809907318
kr,kr.investor_flow_momentum,A_strong,5,all,2,-0.02686718323066945,-0.02686718323066945,-0.0309189112634452,-0.0309189112634452,0.5,-0.575067549938615
kr,kr.investor_flow_momentum,B_moderate2,5,all,13,0.022256217987175864,0.014024056411167253,-0.0325541393908043,-0.04151775098774841,0.38461538461538464,-3.2444069168359224
kr,kr.investor_flow_momentum,none,5,all,29,-0.019030995298652403,0.0041841004184099,-0.04455278406110459,-0.0094585393993741,0.4444444444444444,-1.3310915355445052
kr,kr.investor_flow_momentum,none,20,all,16,-0.10235949509060431,0.0,0.014374938531636001,0.10640887810528885,0.7142857142857143,0.23314621605310523
kr,kr.oversold_recovery,A_strong,5,all,26,-0.008516273886505707,-0.006860512301187225,-0.0015506001318587256,0.01209386429196415,0.5769230769230769,-0.115085536046874
kr,kr.oversold_recovery,A_strong,20,all,18,-0.01764076197290934,-0.005046708786687925,0.04745947013369725,0.08634174847186035,0.6111111111111112,1.8516152948504876
kr,kr.oversold_recovery,B_moderate2,5,all,47,0.024700234313170196,0.0003683065102402023,0.03234429919205384,0.007406442936509919,0.5957446808510638,1.7175046313579883
kr,kr.oversold_recovery,B_moderate2,20,all,32,0.09340932178030562,0.03154076324142602,0.17930675026410414,0.09996182874127243,0.84375,4.341918846758627
kr,kr.oversold_recovery,none,5,all,47,0.05915119455647342,0.03449314740428614,0.06679525943535705,-0.00020206209587893495,0.48936170212765956,2.3598268629766133
kr,kr.oversold_recovery,none,20,all,32,0.1350389894183856,0.05290601507522066,0.2209364179021842,0.10921463400777677,0.8125,4.0898169574488135
kr,kr.profitable_company,A_strong,5,all,22,0.005931801144320636,2.004014040100032e-06,-0.017758773014079382,-0.034981777279363475,0.4090909090909091,-1.1031279946954171
kr,kr.profitable_company,A_strong,20,all,14,0.005076266742267965,0.003156161960455433,0.11909438348394155,0.11824408057669748,1.0,9.040609578031464
kr,kr.profitable_company,B_moderate2,5,all,45,-0.0005593171993433089,-0.0080240722166499,0.005753497792378372,0.013900609319283061,0.6444444444444445,0.8166905199999537
kr,kr.profitable_company,B_moderate2,20,all,32,-0.010626440358619416,-0.009167147712231087,0.07527098812517914,0.08679767076601255,0.84375,6.159705116995073
kr,kr.profitable_company,none,5,all,47,-0.007147391531640204,-0.0007399453706768103,0.0004966733472434414,0.008079558642981613,0.5106382978723404,0.10374096228815699
kr,kr.profitable_company,none,20,all,32,-0.04521582641822134,-0.048456111622120684,0.04068160206557722,0.044604936251419855,0.8125,5.138246861085777
kr,kr.random,none,5,all,47,-0.010247544284727217,-0.02721471604095595,-0.002603479405843567,-0.004050792969435083,0.46808510638297873,-0.634445086208253
kr,kr.random,none,20,all,32,-0.07962073396456357,-0.08368054865176805,0.006276694519234992,0.003178635081080702,0.5625,0.6684509538123834
kr,kr.stable_growth,A_strong,5,all,20,0.005098682600185612,-0.0018527317954251756,-0.024216773550476026,-0.014663925601835964,0.4,-1.5366093890134942
kr,kr.stable_growth,A_strong,20,all,12,-0.039239766800774185,-0.025335771756837176,0.07816059611413875,0.08236615851099012,0.8333333333333334,3.53657036563324
kr,kr.stable_growth,B_moderate2,5,all,46,0.04156882091151556,0.011846386768291407,0.048952179175532635,0.022620115082601307,0.6956521739130435,2.6206074975403437
kr,kr.stable_growth,B_moderate2,20,all,32,0.05873422441614746,0.034141353445114986,0.144631652899946,0.08866469308459105,0.96875,5.3241033988856215
kr,kr.stable_growth,none,5,all,47,0.006365168986091834,-0.024461114034997813,0.014009233864975478,0.0034628361008878705,0.5106382978723404,1.5525144055523377
kr,kr.stable_growth,none,20,all,32,-0.07683652797980348,-0.07431271111892843,0.009060900503995087,0.008739750865511244,0.5625,1.0027933808671392
kr,kr.steady_dividend,A_strong,5,all,7,0.016948166992698657,-0.001010101010101,0.03556898644050854,0.037906040257296714,0.7142857142857143,2.1000220263161227
kr,kr.steady_dividend,A_strong,20,all,7,0.040482815242202215,0.0229885057471264,0.14138078324338263,0.1424809534000694,1.0,8.178064649142827
kr,kr.steady_dividend,B_moderate2,5,all,47,0.011918593813437127,0.005981161057180872,0.019562658692320777,0.022936474748345332,0.6808510638297872,2.4935269267083098
kr,kr.steady_dividend,B_moderate2,20,all,32,-0.012111510103697331,-0.01691372864881676,0.07378591838010123,0.08941430110909603,0.8125,6.476748086597349
kr,kr.steady_dividend,none,5,all,47,-0.0032267076718750687,-0.0002165033013369698,0.004417357207008578,0.010333526130654231,0.5957446808510638,0.5976935961316268
kr,kr.steady_dividend,none,20,all,32,-0.020644565458638124,-0.02896844145221434,0.06525286302516044,0.07515490031071335,0.84375,6.559383618290564
kr,kr.top_gainers,A_strong,5,all,3,0.02974751862657493,0.0239241450981256,-0.007070903496372331,0.0144656056987515,0.6666666666666666,-0.16598125360438004
kr,kr.top_gainers,A_strong,20,all,2,0.07474128408960788,0.07474128408960788,0.1600790369855788,0.1600790369855788,1.0,5.355398132570389
kr,kr.top_gainers,B_moderate2,5,all,19,-0.009429641496778446,0.024118302664946557,-0.021324513488937463,-0.021855266856686803,0.47368421052631576,-0.7204650033534787
kr,kr.top_gainers,B_moderate2,20,all,13,-0.07687113828447246,-0.11095324155667638,-0.02873162522424663,-0.07945559369745327,0.3076923076923077,-0.8084238106380472
kr,kr.top_gainers,none,5,all,47,-0.05772618371815411,-0.05464312986364626,-0.05008211883927048,-0.03402426004849379,0.3404255319148936,-2.8418433165935033
kr,kr.top_gainers,none,20,all,32,-0.14942978691793857,-0.20498219032105447,-0.06353235843414001,-0.1024496954697411,0.1875,-1.6478050480661643
kr,kr.top_losers,A_strong,5,all,7,-0.037919512646443235,-0.04193566803893365,0.013888519896335291,0.02954391482651622,0.5714285714285714,0.47794593388967405
kr,kr.top_losers,A_strong,20,all,6,-0.09383297567771291,-0.09207358360654003,-0.05027664644833241,-0.010985533153307024,0.3333333333333333,-0.8523543238241638
kr,kr.top_losers,B_moderate2,5,all,44,-0.001700665440178891,-0.005699488549481449,0.006523745281062938,0.0012131509541243861,0.5,0.6714870919929248
kr,kr.top_losers,B_moderate2,20,all,31,-0.09206233167280853,-0.10766664636677067,-0.009025213432636854,-0.03855122556818682,0.3870967741935484,-0.4276369540841336
kr,kr.top_losers,none,5,all,47,0.0008293674827798272,-0.053199015584951916,0.008473432361663464,-0.018109205972234803,0.46808510638297873,0.3172251588655196
kr,kr.top_losers,none,20,all,32,-0.07104244463434271,-0.12119226289728904,0.014854983849455827,-0.02372674572400668,0.46875,0.29676958450252594
kr,kr.trade_amount,A_strong,5,all,17,0.023635245886048047,0.0005438545833764,0.035176356635449414,0.0442233235398025,0.7058823529411765,2.168259469661551
kr,kr.trade_amount,A_strong,20,all,13,-0.0027859791315846907,0.0022451481255862,0.08458070494163931,0.10876217506828921,0.6153846153846154,2.6229040979593363
kr,kr.trade_amount,B_moderate2,5,all,40,0.0019459987310078545,-0.010521029333475923,0.010693515047161454,0.008818816879356697,0.6,1.5890623199156826
kr,kr.trade_amount,B_moderate2,20,all,29,-0.09189008894336445,-0.09773760052554688,-0.008920727554021336,-0.010076640110797336,0.4482758620689655,-0.5271088129749334
kr,kr.trade_amount,none,5,all,47,-0.0291155676605183,-0.027997356889623508,-0.02147150278163466,-0.04559106193019403,0.3829787234042553,-1.4196454441125312
kr,kr.trade_amount,none,20,all,32,-0.25407963668904215,-0.26853793531184444,-0.1681822082052436,-0.17699491160985936,0.09375,-9.228779814987096
kr,kr.tv_rsi45,A_strong,5,all,23,-0.009669380136800769,-0.00802437998811445,-0.02007961742424811,-0.0021155726068239804,0.43478260869565216,-1.5022111323651863
kr,kr.tv_rsi45,A_strong,20,all,8,-0.08017740106371837,-0.0564295254566779,-0.07737166889934555,-0.0913165234586327,0.125,-2.2320432007571456
kr,kr.tv_rsi45,B_moderate2,5,all,47,-0.006435067899446327,-0.010207407694024548,0.001208996979437316,0.010516814030396452,0.6595744680851063,0.16474493961978587
kr,kr.tv_rsi45,B_moderate2,20,all,32,-0.03873258341071355,-0.0535669716933313,0.04716484507308501,0.04507682740960192,0.75,4.8862987892312955
kr,kr.tv_rsi45,none,5,all,47,-0.002255946041146511,-0.0197296002938913,0.005388118837737132,0.003813614554710856,0.5531914893617021,1.0455357226967827
kr,kr.tv_rsi45,none,20,all,32,-0.05467161926106512,-0.067699790716096,0.031225809222733436,0.03787791302150148,0.8125,4.030093567170038
kr,kr.undervalued_breakout,A_strong,5,all,3,0.09083558334358206,0.0862409479921,0.0804374338965617,0.1039490599585779,1.0,3.013079556561849
kr,kr.undervalued_breakout,A_strong,20,all,3,0.1545731474687945,0.1613965744400527,0.23946813696416183,0.23745435052063568,1.0,76.45886175478401
kr,kr.undervalued_breakout,B_moderate2,5,all,25,0.028603888382750887,0.0299295774647887,0.01417512641269977,0.020183852918174497,0.64,1.3823283986782435
kr,kr.undervalued_breakout,B_moderate2,20,all,20,-0.017253162661297082,-0.015739511408718126,0.08579858241290875,0.1226280240522763,0.8,4.336568694178339
kr,kr.undervalued_breakout,none,5,all,47,0.006702788001747011,0.009209164401716222,0.014346852880630654,0.009259240169359948,0.574468085106383,1.6691708726644325
kr,kr.undervalued_breakout,none,20,all,32,-0.019299310427576766,-0.020315670620163734,0.06659811805622179,0.052036177485781654,0.96875,7.367534160684816
kr,kr.undervalued_growth,A_strong,5,all,3,0.03739675463764334,0.05,0.01917874417027107,0.0364406917091618,0.6666666666666666,0.3445959025148257
kr,kr.undervalued_growth,A_strong,20,all,2,-0.043164452803573554,-0.043164452803573554,0.07174903822510313,0.07174903822510313,0.5,0.4887950261407681
kr,kr.undervalued_growth,B_moderate2,5,all,47,0.02334417037075636,0.003666068748481291,0.030988235249640006,0.019509763824939703,0.7021276595744681,2.2711654586371335
kr,kr.undervalued_growth,B_moderate2,20,all,32,0.029270776470606594,-0.002564061068103864,0.11516820495440516,0.07900344147248473,0.96875,5.146956073287691
kr,kr.undervalued_growth,none,5,all,47,-0.005133435238119428,-0.02300911361559515,0.0025106296407642133,0.005232245833967187,0.5957446808510638,0.6922301972271102
kr,kr.undervalued_growth,none,20,all,32,-0.07704177600772358,-0.10319639432689055,0.008855652476074975,0.006589667331654336,0.5625,1.5312629727534017
us,us.cheap_value,A_strong,5,all,17,0.013156682113441412,0.012062767869487,0.0065103769631095505,0.0080271875870242,0.5882352941176471,0.7178245332146005
us,us.cheap_value,A_strong,20,all,13,0.09696982021424885,0.1047565460281736,0.0697620518809453,0.07323054283532611,0.6153846153846154,2.8558296517645854
us,us.cheap_value,B_moderate2,5,all,42,0.46388707940340723,0.01077376179548013,0.45610673428148274,0.006106948532939624,0.5952380952380952,1.4640404615086515
us,us.cheap_value,B_moderate2,20,all,27,0.4580182817469763,0.06490063428160078,0.43578587634305394,0.030846827579710377,0.8518518518518519,1.597918920829957
us,us.cheap_value,none,5,all,42,0.18289613506801003,-0.013613975841375102,0.17511578994608548,-0.015612450547908946,0.38095238095238093,1.7520616534004005
us,us.cheap_value,none,20,all,27,0.4997612879357319,-0.20909241955721408,0.47752888253180936,-0.23847253534719365,0.3333333333333333,2.0959675703478267
us,us.consecutive_gainers,B_moderate2,5,all,5,-0.0123680657179487,-0.0021593608291945,-0.030419052603795238,-0.0331119347381927,0.0,-7.384863902356357
us,us.consecutive_gainers,B_moderate2,20,all,1,0.0247327064279274,0.0247327064279274,-0.028158520179870705,-0.028158520179870705,0.0,
us,us.consecutive_gainers,none,5,all,42,0.10427924793174774,-0.022802750081408113,0.0964989028098232,-0.027194391286116636,0.2619047619047619,1.013253844822921
us,us.consecutive_gainers,none,20,all,27,0.22297342342254456,-0.06753897511387044,0.2007410180186221,-0.06892294275151034,0.2222222222222222,1.0825859641187674
us,us.high_volume_surge,A_strong,5,all,23,0.03880299342613818,0.02098062329743325,0.026897494088450137,0.013051726725601648,0.5652173913043478,2.2211073632716976
us,us.high_volume_surge,A_strong,20,all,16,0.05173296622462663,0.05670985810078885,0.03285273562285729,0.04388681758752437,0.8125,2.6615191022461273
us,us.high_volume_surge,B_moderate2,5,all,42,0.026205586428248488,0.018761123336050352,0.018425241306323947,0.006928530369411144,0.5714285714285714,1.8600418955601723
us,us.high_volume_surge,B_moderate2,20,all,27,0.27366262576540834,0.05616284387371399,0.25143022036148593,0.026658417436975,0.7777777777777778,1.6294418931752206
us,us.high_volume_surge,none,5,all,42,-0.0771407247841549,-0.1407008642159711,-0.08492106990607942,-0.14992260482210892,0.047619047619047616,-1.45144707877143
us,us.high_volume_surge,none,20,all,27,-0.018239922676000955,-0.15776460297144665,-0.04047232807992343,-0.21132855703135928,0.1111111111111111,-0.29421274854602003
us,us.high_yield_value,A_strong,5,all,14,0.002878471054591574,-5.090781892349867e-05,-0.007078013805972846,0.011429106661071598,0.5714285714285714,-0.43110392637802075
us,us.high_yield_value,A_strong,20,all,6,-0.0008929088546650426,-0.043901280983949506,-0.030888573000051073,-0.08372305626702631,0.3333333333333333,-0.7765251441283384
us,us.high_yield_value,B_moderate2,5,all,42,0.017395038887055944,0.018653646164134417,0.009614693765131403,0.01069474205095939,0.7380952380952381,2.3871129686808343
us,us.high_yield_value,B_moderate2,20,all,27,0.07722415619084894,0.0775066310566006,0.05499175078692645,0.058538842480093556,0.8148148148148148,5.2580423591444205
us,us.high_yield_value,none,5,all,42,0.09286271874401268,0.028197650123800037,0.08508237362208815,0.023519664227725744,0.7619047619047619,2.811718135152744
us,us.high_yield_value,none,20,all,27,0.2894647516899498,0.10838265748311333,0.2672323462860273,0.07788701740520554,1.0,5.155348004854139
us,us.random,none,5,all,42,0.01466065432220893,0.010995867826755261,0.006880309200284391,0.004079490268506939,0.5476190476190477,1.1283803534985348
us,us.random,none,20,all,27,0.019807895890107875,0.023371954002487174,-0.00242450951381461,0.005391153051217639,0.5185185185185185,-0.23414623562974382
us,us.steady_dividend,A_strong,5,all,31,0.003672536901786777,0.004644293849978225,-0.004925321915491355,-0.005570768136778001,0.3548387096774194,-1.0757236721438073
us,us.steady_dividend,A_strong,20,all,22,-0.0012458170295062696,-0.006383992129372937,-0.02533392944579672,-0.024834825184641335,0.22727272727272727,-2.568814107818312
us,us.steady_dividend,B_moderate2,5,all,42,0.00698132075124512,0.006747080552172549,-0.0007990243706794188,-0.003353956913664826,0.42857142857142855,-0.3284886694087036
us,us.steady_dividend,B_moderate2,20,all,27,0.02833698541717934,0.0188016049521599,0.006104580013256856,0.00668615830365499,0.5555555555555556,1.3702958414212074
us,us.steady_dividend,none,5,all,42,9.767651136621083e-05,-0.007293018904170075,-0.00768266861055833,-0.009174305570674127,0.35714285714285715,-1.9650865369108539
us,us.steady_dividend,none,20,all,27,-0.012585126453318005,-0.01909110207567073,-0.034817531857240486,-0.03402601501135394,0.1111111111111111,-7.281477660158849
us,us.top_gainers,A_strong,5,all,1,0.0054815974941269,0.0054815974941269,0.005423273010693671,0.005423273010693671,1.0,
us,us.top_gainers,B_moderate2,5,all,20,0.01932721678230479,0.00921628440848795,0.013431653809969416,0.009646235251947785,0.55,0.6090864606500971
us,us.top_gainers,B_moderate2,20,all,14,0.048170681440406926,0.04698437374244485,0.023172899014349758,0.02611101938737295,0.5714285714285714,0.4509849246348693
us,us.top_gainers,none,5,all,42,-0.025305638730795103,-0.13240916788890267,-0.03308598385271963,-0.14579299600166462,0.16666666666666666,-0.4479027251096515
us,us.top_gainers,none,20,all,27,-0.04577116806965029,-0.25687730410863685,-0.06800357347357282,-0.2857147541756577,0.1111111111111111,-0.4770712993172593
us,us.top_losers,A_strong,5,all,16,0.009868802703318955,0.011901823188741674,-0.00022107562007684343,-0.003145306773947999,0.4375,-0.014480276611137677
us,us.top_losers,A_strong,20,all,8,0.05602342311807889,0.0803140414303187,0.022133599689994742,0.05103450090561881,0.625,0.4286967353802052
us,us.top_losers,B_moderate2,5,all,42,0.02159786068617752,0.018102908760660227,0.013817515564252989,0.016764655937008398,0.5952380952380952,1.7065551574583515
us,us.top_losers,B_moderate2,20,all,27,0.0021806534841139905,-0.008907129615085916,-0.02005175191980849,-0.030787322919488158,0.37037037037037035,-1.264395415840888
us,us.top_losers,none,5,all,42,0.008455480200663409,-0.024844788487720752,0.0006751350787388825,-0.022453951964033266,0.38095238095238093,0.021689077667580096
us,us.top_losers,none,20,all,27,-0.06034289332243743,-0.14333347249907624,-0.08257529872635995,-0.15317430693462514,0.1111111111111111,-1.1185496970044773
us,us.trade_amount,A_strong,5,all,30,0.036762510005910146,0.020390148586750124,0.027379304683781375,0.014353219580815074,0.7,2.5336908735104613
us,us.trade_amount,A_strong,20,all,20,0.02860029170778249,0.024332015241607833,0.008415846612926586,-0.0006593565222298998,0.5,0.5046216159194633
us,us.trade_amount,B_moderate2,5,all,42,0.01816227697599755,0.01617684261076449,0.010381931854073016,0.005177556822263846,0.5952380952380952,1.8980949459350869
us,us.trade_amount,B_moderate2,20,all,27,0.021702363139333332,0.021866002287308575,-0.0005300422645891555,-0.00038320311666932214,0.48148148148148145,-0.09666518130423365
us,us.trade_amount,none,5,all,42,-0.004266657776441037,-0.014660492578428632,-0.012047002898365577,-0.015291773127334693,0.35714285714285715,-1.602753784690818
us,us.trade_amount,none,20,all,27,-0.055241807104099115,-0.04705375299047335,-0.07747421250802161,-0.06664390460157402,0.1111111111111111,-6.54113365725843
us,us.tv_rsi45,A_strong,5,all,11,0.051401801110217214,0.000337723741979,0.04140617443801561,-0.0010728793820233007,0.45454545454545453,0.8691535197593351
us,us.tv_rsi45,A_strong,20,all,8,0.057462960456878376,0.04159136045785945,0.048152562364837406,0.041650682471606804,0.75,2.7130657355412215
us,us.tv_rsi45,B_moderate2,5,all,42,0.026432410156465174,0.0191397695117524,0.018652065034540637,0.015068635874435228,0.6666666666666666,2.848090600731046
us,us.tv_rsi45,B_moderate2,20,all,27,0.07671318439163544,0.05622837179820085,0.05448077898771295,0.046397931965734225,0.7777777777777778,4.276339909382007
us,us.tv_rsi45,none,5,all,42,0.03878061458499087,0.018656310848970275,0.03100026946306634,0.004565767271072126,0.5476190476190477,1.6517579741943205
us,us.tv_rsi45,none,20,all,27,0.14179813140757835,0.01493916864437709,0.11956572600365584,-4.392432435188776e-05,0.48148148148148145,1.480710092942882
us,us.undervalued_breakout,A_strong,5,all,7,0.021407418385437357,0.0170641846034516,0.008053376336067944,-0.004143003362382198,0.42857142857142855,0.7846139684503919
us,us.undervalued_breakout,A_strong,20,all,4,0.013344267161190373,0.01168733073569245,0.0022316255319897995,0.0063827508207334495,0.75,0.3192410396740683
us,us.undervalued_breakout,B_moderate2,5,all,16,0.018608929324484068,0.016292508968392502,0.008540116480196976,0.0023427478956508504,0.5,0.676650237601983
us,us.undervalued_breakout,B_moderate2,20,all,10,0.11050327888572087,0.0779460695176169,0.09761733513577733,0.04882373184419964,0.9,2.430690057975252
us,us.undervalued_breakout,none,5,all,42,0.004904802272242065,0.0020215562045429,-0.0028755428496824754,-0.005420312516148879,0.4523809523809524,-0.7881396630834087
us,us.undervalued_breakout,none,20,all,27,0.05303787870779297,0.059945020358020885,0.03080547330387048,0.03426594791467878,0.8148148148148148,4.710127085444938
